sku_id,category,elasticity,std_err,p_value,r_squared,n_obs,current_price,unit_cost,avg_daily_units,significant
SKU-0000,Beverages,-1.927,0.1615,4.6897436152399314e-30,0.377,728,9.99,6.16,7.245205479452054,True
SKU-0001,Beverages,-2.609,0.0929,8.710271353471659e-118,0.817,730,14.95,7.37,62.11643835616438,True
SKU-0002,Beverages,-2.752,0.1228,8.580230660743798e-85,0.844,730,9.38,2.77,27.98904109589041,True
SKU-0003,Beverages,-2.514,0.069,1.384595726468944e-165,0.861,730,11.03,6.81,122.81369863013698,True
SKU-0004,Beverages,-2.166,0.1077,1.0017070525058757e-71,0.654,730,3.87,2.51,29.563013698630137,True
SKU-0005,Beverages,-2.64,0.0912,7.95064107242105e-123,0.801,730,10.1,8.49,28.663013698630138,True
SKU-0006,Beverages,-2.063,0.0737,3.385701713544997e-117,0.756,730,4.19,3.36,110.4041095890411,True
SKU-0007,Beverages,-2.178,0.1127,2.433207822645742e-67,0.579,730,2.03,1.37,49.5013698630137,True
SKU-0008,Beverages,-1.439,0.1083,3.315066804911975e-36,0.492,730,22.79,11.6,26.176712328767124,True
SKU-0009,Beverages,-2.494,0.1729,1.2790172669987152e-41,0.501,730,8.93,5.22,17.00958904109589,True
SKU-0010,Snacks,-1.342,0.0739,5.893123291162148e-61,0.586,730,7.98,5.0,95.8958904109589,True
SKU-0011,Snacks,-2.179,0.2103,2.2041833173443084e-23,0.363,662,6.16,3.67,3.026027397260274,True
SKU-0012,Snacks,-1.938,0.0762,2.5908929418588483e-102,0.769,730,9.61,2.59,35.59315068493151,True
SKU-0013,Snacks,-1.528,0.1043,1.0821790108013289e-42,0.765,730,10.15,8.18,35.847945205479455,True
SKU-0014,Snacks,-1.892,0.1389,9.749470027791328e-38,0.61,730,11.19,7.66,21.246575342465754,True
SKU-0015,Snacks,-1.896,0.1021,3.29602688391292e-63,0.609,730,7.56,3.39,70.92465753424658,True
SKU-0016,Snacks,-1.077,0.1069,2.0150694656441842e-22,0.363,730,6.37,3.36,31.387671232876713,True
SKU-0017,Snacks,-1.488,0.0703,1.2489782911521138e-77,0.563,730,18.05,11.84,87.85479452054794,True
SKU-0018,Snacks,-1.526,0.0851,9.562012808980589e-60,0.455,730,4.88,3.7,39.56301369863014,True
SKU-0019,Snacks,-1.521,0.0711,5.644380733024993e-79,0.606,730,4.97,3.89,112.64246575342466,True
SKU-0020,Pantry,-1.642,0.1183,5.353920669986934e-39,0.713,730,18.16,5.0,33.35753424657534,True
SKU-0021,Pantry,-1.851,0.1983,1.2517292643453107e-19,0.465,730,12.46,10.78,22.356164383561644,True
SKU-0022,Pantry,-1.168,0.0988,1.3111604092956755e-29,0.44,730,13.23,6.31,21.34246575342466,True
SKU-0023,Pantry,-1.592,0.107,7.839839750587507e-44,0.518,730,2.64,2.46,21.60821917808219,True
SKU-0024,Pantry,-1.871,0.1069,2.1877608268000197e-57,0.493,729,5.61,3.81,13.635616438356164,True
SKU-0025,Pantry,-1.698,0.0885,1.533197866907474e-66,0.581,730,3.48,2.2,42.93013698630137,True
SKU-0026,Pantry,-1.899,0.1411,5.618038259607824e-37,0.556,730,6.64,3.37,17.124657534246577,True
SKU-0027,Pantry,-1.131,0.0899,5.652439611202948e-33,0.604,730,27.39,10.89,29.541095890410958,True
SKU-0028,Pantry,-1.064,0.1132,7.283654019508209e-20,0.392,730,4.46,2.71,25.804109589041097,True
SKU-0029,Pantry,-1.272,0.1126,2.39782268234638e-27,0.383,730,8.63,6.28,25.297260273972604,True
SKU-0030,Frozen,-3.124,0.1775,7.112883228603955e-58,0.563,728,3.91,3.42,13.621917808219179,True
SKU-0031,Frozen,-3.294,0.1238,4.373466930546423e-109,0.796,730,55.9,17.86,19.412328767123288,True
SKU-0032,Frozen,-2.971,0.0706,5.919698268634011e-196,0.849,730,4.14,2.47,56.897260273972606,True
SKU-0033,Frozen,-2.941,0.1264,1.1211781523904044e-89,0.632,730,7.02,4.44,48.015068493150686,True
SKU-0034,Frozen,-3.721,0.1095,1.2177728189707414e-151,0.744,730,4.26,2.54,51.554794520547944,True
SKU-0035,Frozen,-2.955,0.0675,7.105341176998466e-205,0.847,730,4.19,2.45,97.06027397260274,True
SKU-0036,Frozen,-2.315,0.1018,1.30015566244721e-86,0.658,730,14.2,7.71,40.4013698630137,True
SKU-0037,Frozen,-2.823,0.1542,8.812698545146729e-62,0.605,729,18.13,13.89,20.442465753424656,True
SKU-0038,Frozen,-2.751,0.1122,6.230733779314916e-97,0.766,730,11.4975,10.95,47.14794520547945,True
SKU-0039,Frozen,-3.288,0.1182,3.0590512095104304e-116,0.83,730,1.26,0.72,248.92739726027398,True
SKU-0040,Household,-1.416,0.1758,3.3496901491094322e-15,0.299,730,7.13,5.29,9.191780821917808,True
SKU-0041,Household,-1.087,0.1092,5.88801482789282e-22,0.557,730,5.407500000000001,5.15,177.65890410958903,True
SKU-0042,Household,-1.85,0.1774,8.413620038913595e-24,0.527,729,14.87,5.08,13.578082191780823,True
SKU-0043,Household,-0.827,0.095,2.1426887588569513e-17,0.411,730,8.18,3.72,52.417808219178085,True
SKU-0044,Household,-1.429,0.1093,3.3258148082729256e-35,0.58,730,13.05,4.81,17.02054794520548,True
SKU-0045,Household,-1.225,0.071,4.689409225012283e-56,0.531,730,4.9455,4.71,33.5986301369863,True
SKU-0046,Household,-1.975,0.1752,2.994661668029271e-27,0.715,730,8.96,1.61,26.654794520547945,True
SKU-0047,Household,-0.865,0.103,2.46323853183072e-16,0.432,730,10.9095,10.39,64.17808219178082,True
SKU-0048,Household,-2.401,0.1094,4.37597195419215e-82,0.719,730,7.623,7.26,121.31917808219178,True
SKU-0049,Household,-1.776,0.1029,4.354860327518493e-56,0.796,730,56.12,17.19,62.14109589041096,True
SKU-0050,Personal Care,-1.932,0.0761,5.109887571749164e-102,0.711,730,2.72,1.79,178.07808219178082,True
SKU-0051,Personal Care,-1.331,0.0959,5.625936061883017e-39,0.366,730,12.11,5.8,15.093150684931507,True
SKU-0052,Personal Care,-2.038,0.0989,1.772434118588966e-74,0.596,730,7.72,3.94,51.726027397260275,True
SKU-0053,Personal Care,-1.749,0.1047,3.8050736262488696e-53,0.533,730,9.26,7.3,39.23424657534247,True
SKU-0054,Personal Care,-2.158,0.1316,1.5372565595104583e-51,0.464,730,12.9,5.4,24.302739726027397,True
SKU-0055,Personal Care,-1.08,0.1189,1.0104643568972334e-18,0.491,730,4.683,4.46,34.672602739726024,True
SKU-0056,Personal Care,-1.433,0.1068,8.218695668113806e-37,0.568,730,7.67,5.75,47.88630136986301,True
SKU-0057,Personal Care,-1.223,0.1053,1.078969185434195e-28,0.428,730,7.81,7.42,22.610958904109587,True
SKU-0058,Personal Care,-1.983,0.1403,3.1348861758225085e-40,0.487,730,5.9,3.34,20.45068493150685,True
SKU-0059,Personal Care,-2.51,0.2055,2.6273004693776867e-31,0.527,730,4.5465,4.33,17.976712328767125,True
