sku_id,category,elasticity,significant,current_price,optimal_price,price_change_pct,current_daily_profit,optimal_daily_profit,daily_uplift
SKU-0031,Frozen,-3.294,True,55.9,39.13,-30.0,738.44,1336.88,598.43
SKU-0041,Household,-1.087,True,5.41,7.03,30.0,45.75,251.09,205.34
SKU-0049,Household,-1.776,True,56.12,39.34,-29.9,2419.15,2586.78,167.63
SKU-0047,Household,-0.865,True,10.91,14.18,30.0,33.34,193.97,160.63
SKU-0017,Snacks,-1.488,True,18.05,23.47,30.0,545.58,691.21,145.63
SKU-0048,Household,-2.401,True,7.62,9.91,30.0,44.04,171.23,127.19
SKU-0002,Beverages,-2.752,True,9.38,6.57,-30.0,185.01,283.53,98.53
SKU-0010,Snacks,-1.342,True,7.98,10.37,30.0,285.77,362.4,76.63
SKU-0019,Snacks,-1.521,True,4.97,6.46,30.0,121.65,194.31,72.66
SKU-0038,Frozen,-2.751,True,11.5,14.95,30.0,25.81,91.56,65.75
SKU-0043,Household,-0.827,True,8.18,10.63,30.0,233.78,291.73,57.94
SKU-0046,Household,-1.975,True,8.96,6.27,-30.0,195.91,251.35,55.44
SKU-0027,Pantry,-1.131,True,27.39,35.61,30.0,487.43,542.69,55.26
SKU-0013,Snacks,-1.528,True,10.15,13.2,30.0,70.62,120.4,49.78
SKU-0056,Personal Care,-1.433,True,7.67,9.97,30.0,91.94,138.79,46.84
SKU-0012,Snacks,-1.938,True,9.61,6.73,-30.0,249.86,293.94,44.07
SKU-0006,Beverages,-2.063,True,4.19,5.45,30.0,91.64,134.1,42.47
SKU-0053,Personal Care,-1.749,True,9.26,12.04,30.0,76.9,117.48,40.58
SKU-0001,Beverages,-2.609,True,14.95,11.95,-20.1,470.84,510.34,39.5
SKU-0021,Pantry,-1.851,True,12.46,16.2,30.0,37.56,74.53,36.97
SKU-0057,Personal Care,-1.223,True,7.81,10.15,30.0,8.82,44.83,36.02
SKU-0055,Personal Care,-1.08,True,4.68,6.09,30.0,7.73,42.52,34.78
SKU-0045,Household,-1.225,True,4.95,6.43,30.0,7.91,41.88,33.97
SKU-0008,Beverages,-1.439,True,22.79,29.63,30.0,292.92,323.5,30.58
SKU-0029,Pantry,-1.272,True,8.63,11.22,30.0,59.45,89.49,30.04
SKU-0018,Snacks,-1.526,True,4.88,6.34,30.0,46.68,70.09,23.41
SKU-0022,Pantry,-1.168,True,13.23,17.2,30.0,147.69,171.06,23.37
SKU-0020,Pantry,-1.642,True,18.16,12.79,-29.6,438.99,462.08,23.1
SKU-0016,Snacks,-1.077,True,6.37,8.28,30.0,94.48,116.44,21.96
SKU-0050,Personal Care,-1.932,True,2.72,3.54,30.0,165.61,187.29,21.68
SKU-0005,Beverages,-2.64,True,10.1,13.13,30.0,46.15,66.53,20.38
SKU-0039,Frozen,-3.288,True,1.26,1.03,-17.9,134.42,149.72,15.3
SKU-0028,Pantry,-1.064,True,4.46,5.8,30.0,45.16,60.27,15.12
SKU-0034,Frozen,-3.721,True,4.26,3.47,-18.5,88.67,102.85,14.18
SKU-0014,Snacks,-1.892,True,11.19,14.55,30.0,75.0,89.07,14.07
SKU-0054,Personal Care,-2.158,True,12.9,10.06,-22.0,182.27,193.68,11.41
SKU-0059,Personal Care,-2.51,True,4.55,5.91,30.0,3.89,14.71,10.81
SKU-0051,Personal Care,-1.331,True,12.11,15.74,30.0,95.24,105.84,10.6
SKU-0023,Pantry,-1.592,True,2.64,3.43,30.0,3.89,13.83,9.94
SKU-0037,Frozen,-2.823,True,18.13,21.51,18.6,86.68,96.14,9.46
SKU-0025,Pantry,-1.698,True,3.48,4.52,30.0,54.95,63.9,8.95
SKU-0040,Household,-1.416,True,7.13,9.27,30.0,16.91,25.22,8.31
SKU-0042,Household,-1.85,True,14.87,11.06,-25.6,132.93,140.4,7.47
SKU-0035,Frozen,-2.955,True,4.19,3.7,-11.6,168.88,175.21,6.33
SKU-0024,Pantry,-1.871,True,5.61,7.29,30.0,24.54,29.07,4.53
SKU-0030,Frozen,-3.124,True,3.91,5.03,28.6,6.67,9.98,3.31
SKU-0007,Beverages,-2.178,True,2.03,2.53,24.8,32.67,35.55,2.88
SKU-0032,Frozen,-2.971,True,4.14,3.72,-10.1,95.02,97.73,2.71
SKU-0004,Beverages,-2.166,True,3.87,4.66,20.5,40.21,42.51,2.3
SKU-0000,Beverages,-1.927,True,9.99,12.81,28.2,27.75,29.84,2.09
SKU-0044,Household,-1.429,True,13.05,16.02,22.8,140.25,142.34,2.09
SKU-0058,Personal Care,-1.983,True,5.9,6.74,14.2,52.35,53.4,1.05
SKU-0036,Frozen,-2.315,True,14.2,13.57,-4.4,262.2,262.98,0.77
SKU-0015,Snacks,-1.896,True,7.56,7.17,-5.1,295.76,296.42,0.66
SKU-0003,Beverages,-2.514,True,11.03,11.31,2.5,518.27,518.91,0.63
SKU-0033,Frozen,-2.941,True,7.02,6.73,-4.2,123.88,124.48,0.6
SKU-0026,Pantry,-1.899,True,6.64,7.12,7.2,56.0,56.25,0.25
SKU-0011,Snacks,-2.179,True,6.16,6.78,10.1,7.53,7.64,0.1
SKU-0009,Beverages,-2.494,True,8.93,8.71,-2.4,63.11,63.17,0.07
SKU-0052,Personal Care,-2.038,True,7.72,7.74,0.2,195.52,195.53,0.0
