sku_id,category,true_elasticity,base_price,unit_cost,base_demand
SKU-0000,Beverages,-1.937,10.84,6.16,7.6
SKU-0001,Beverages,-2.19,10.83,7.37,80.4
SKU-0002,Beverages,-2.535,4.38,2.77,56.1
SKU-0003,Beverages,-2.256,12.13,6.81,102.6
SKU-0004,Beverages,-1.869,5.52,2.51,13.8
SKU-0005,Beverages,-2.34,14.64,8.49,13.0
SKU-0006,Beverages,-2.314,7.14,3.36,31.3
SKU-0007,Beverages,-1.973,2.51,1.37,34.2
SKU-0008,Beverages,-1.587,21.52,11.6,20.4
SKU-0009,Beverages,-2.113,11.46,5.22,11.0
SKU-0010,Snacks,-1.904,7.94,5.0,87.4
SKU-0011,Snacks,-2.422,5.28,3.67,3.4
SKU-0012,Snacks,-1.953,5.76,2.59,38.2
SKU-0013,Snacks,-1.793,17.54,8.18,25.7
SKU-0014,Snacks,-1.904,17.13,7.66,12.2
SKU-0015,Snacks,-2.102,7.29,3.39,58.3
SKU-0016,Snacks,-1.192,7.39,3.36,28.2
SKU-0017,Snacks,-1.093,17.37,11.84,67.3
SKU-0018,Snacks,-1.642,5.29,3.7,25.1
SKU-0019,Snacks,-1.524,6.13,3.89,85.3
SKU-0020,Pantry,-1.831,10.31,5.0,49.4
SKU-0021,Pantry,-1.719,16.1,10.78,16.5
SKU-0022,Pantry,-1.05,10.47,6.31,19.0
SKU-0023,Pantry,-1.257,5.65,2.46,12.8
SKU-0024,Pantry,-1.446,6.56,3.81,13.1
SKU-0025,Pantry,-2.006,4.27,2.2,26.9
SKU-0026,Pantry,-1.698,7.28,3.37,12.0
SKU-0027,Pantry,-1.467,18.85,10.89,39.2
SKU-0028,Pantry,-1.05,5.26,2.71,19.1
SKU-0029,Pantry,-1.05,9.76,6.28,17.4
SKU-0030,Frozen,-2.748,5.02,3.42,8.0
SKU-0031,Frozen,-2.843,32.03,17.86,25.7
SKU-0032,Frozen,-2.737,4.65,2.47,32.2
SKU-0033,Frozen,-2.577,6.94,4.44,39.5
SKU-0034,Frozen,-3.376,5.52,2.54,46.9
SKU-0035,Frozen,-2.82,4.15,2.45,46.3
SKU-0036,Frozen,-2.641,15.48,7.71,31.1
SKU-0037,Frozen,-2.696,24.76,13.89,7.7
SKU-0038,Frozen,-2.599,16.21,10.95,22.5
SKU-0039,Frozen,-3.148,1.77,0.72,107.4
SKU-0040,Household,-1.302,8.21,5.29,7.6
SKU-0041,Household,-1.05,9.42,5.15,116.4
SKU-0042,Household,-1.692,9.66,5.08,15.3
SKU-0043,Household,-1.05,8.38,3.72,44.0
SKU-0044,Household,-1.378,7.18,4.81,16.0
SKU-0045,Household,-1.05,8.71,4.71,25.4
SKU-0046,Household,-1.534,2.76,1.61,47.9
SKU-0047,Household,-1.05,17.58,10.39,48.3
SKU-0048,Household,-2.221,13.71,7.26,43.3
SKU-0049,Household,-1.715,29.07,17.19,57.9
SKU-0050,Personal Care,-2.087,3.52,1.79,104.4
SKU-0051,Personal Care,-1.159,13.4,5.8,18.1
SKU-0052,Personal Care,-1.941,7.32,3.94,40.1
SKU-0053,Personal Care,-1.487,11.61,7.3,32.9
SKU-0054,Personal Care,-1.627,10.82,5.4,29.3
SKU-0055,Personal Care,-1.549,6.91,4.46,23.3
SKU-0056,Personal Care,-1.258,12.31,5.75,29.0
SKU-0057,Personal Care,-1.396,10.66,7.42,17.2
SKU-0058,Personal Care,-2.236,6.29,3.34,16.4
SKU-0059,Personal Care,-1.488,6.91,4.33,10.6
